category,distance,timeOfActivity,denivelePositif,speedAvg,bpmAvg,startTime
walking,2147.0,1716.5,471.5999999999999,1.2740575455079353,114,1234
walking,1013.0,933.24,393.2000000000004,1.2849015317286667,122,1245
walking,225.0,228.49,346.6000000000006,1.1007253886010366,99,1270
walking,20525.4,6770.675,597.8000000000001,3.5130617816091947,143,1300

